,Dist Name,January,February,March,April,May,June,July,August,September,October,November,December,Unnamed: 0,STATE/UT,DISTRICT,avg kharif,avg rabi,summer avg,whole year avg
0,SRIKAKULAM,25.61,27.005000000000003,29.580000000000002,30.825000000000003,34.595,33.925,30.165,32.475,30.130000000000003,30.615000000000002,27.71,24.545,543,ANDHRA PRADESH,SRIKAKULAM,191.42,50.8,63.1,97.1
1,VISAKHAPATNAM,22.45726924712888,24.835,28.22,29.755,31.365000000000002,31.305,27.14,29.435,28.06,27.155,23.630000000000003,23.805,544,ANDHRA PRADESH,VISAKHAPATNAM,175.74,49.95714285714286,72.875,93.39166666666668
2,EAST GODAVARI,25.165,26.470000000000002,31.115,31.59,34.435,32.900000000000006,30.965,30.055,31.145000000000003,29.76,28.155,24.810000000000002,537,ANDHRA PRADESH,EAST GODAVARI,180.58,46.6857142857143,60.325,92.16666666666664
3,WEST GODAVARI,24.555,28.815,27.472238135955536,32.41,35.614999999999995,33.97,32.44,31.83,30.965000000000003,29.64,28.009999999999998,27.39,538,ANDHRA PRADESH,WEST GODAVARI,196.34,45.81428571428571,54.825,96.7
4,KRISHNA,23.73372758326217,28.57,31.485,33.18,36.561499356499354,32.81,32.625,31.085,29.744999999999997,30.845,26.987847667950362,26.32,540,ANDHRA PRADESH,KRISHNA,173.12000000000003,39.84285714285714,48.325,85.59166666666668
5,GUNTUR,27.785,27.825000000000003,32.405,32.46,38.54,33.115,32.075,32.14,29.385,31.02,27.2,26.604999999999997,539,ANDHRA PRADESH,GUNTUR,137.38,38.58571428571428,42.825,72.625
6,KURNOOL,28.384999999999998,26.232325085324234,31.83,32.90088210347753,33.78,31.07,31.365000000000002,29.325000000000003,29.155,29.685000000000002,27.82,28.81,559,ANDHRA PRADESH,KURNOOL,113.16,23.957142857142856,39.05,56.63333333333333
7,CHITTOOR,26.515,27.65,29.57,30.335,33.995,31.950000000000003,31.40580398812049,29.779999999999998,29.39,28.675,25.89,23.305,557,ANDHRA PRADESH,CHITTOOR,116.86,59.12857142857143,42.425,74.85
8,CACHAR,19.975,22.07,26.0,28.439999999999998,30.699999999999996,30.155,29.099999999999998,31.005,31.47,30.560000000000002,24.395,22.255,19,ASSAM,CACHAR,414.46,103.2714285714286,337.32500000000005,249.9333333333334
9,DARRANG,20.044999999999998,22.255000000000003,25.880000000000003,29.945882103477526,30.695,30.009999999999998,31.09,32.865,31.98,29.88,24.975,22.695,20,ASSAM,DARRANG,270.9,54.10000000000001,240.5,163.15
10,DIBRUGARH,20.665,22.700431914893617,25.28,25.560000000000002,28.845,30.119999999999997,30.7,32.49,29.264999999999997,29.107888888888887,24.445,21.22,29,ASSAM,DIBRUGARH,357.66,87.54285714285716,260.775,213.05
11,GOALPARA,21.88,20.375,25.835,29.294999999999998,30.775,30.53,30.980000000000004,31.75,29.995,29.89,25.18,22.915,21,ASSAM,GOALPARA,373.56,66.48571428571428,303.825,214.6083333333333
12,KAMRUP,21.185,21.035,27.285,31.556386961948164,30.439999999999998,31.765,30.255000000000003,31.515,29.59,29.157888888888884,26.39,21.93,22,ASSAM,KAMRUP,250.86,53.18571428571428,217.3,151.11666666666665
13,KARBI ANGLONG,18.525,19.35,24.215,26.369999999999997,27.68,29.265,29.674999999999997,29.56860331632653,28.82,28.07,24.852847667950364,20.41,38,ASSAM,KARBI ANGLONG,193.42,47.8,131.1,111.75
14,LAKHIMPUR,19.75,19.5,26.807238135955537,29.435504858470637,30.355000000000004,29.985,30.7,30.29,30.305,30.240000000000002,23.409999999999997,21.26894804088586,23,ASSAM,LAKHIMPUR,433.1,71.74285714285715,275.6,238.275
15,NAGAON,20.305,22.795,27.494999999999997,28.235,29.735,30.895000000000003,32.085,31.95,32.35,28.595,25.619999999999997,20.84894804088586,25,ASSAM,NAGAON,248.98,51.98571428571428,158.55,138.34166666666664
16,MUZAFFARPUR,21.42872758326217,22.417325085324233,27.235,31.585,32.97,32.49,31.544999999999998,32.545,32.2,29.405,25.284999999999997,20.39,168,BIHAR,MUZAFFARPUR,209.0,17.057142857142857,58.9,96.20833333333331
17,DARBHANGA,21.18,21.475,26.845,30.32,33.73,32.57,31.270000000000003,30.84,31.80004253509145,30.9,25.347847667950365,21.16,165,BIHAR,DARBHANGA,198.26,19.87142857142857,62.55,93.63333333333334
18,SAHARSA,21.40872758326217,23.590431914893614,25.955,31.41,33.455,32.655,30.305,30.981219667943805,30.840042535091452,29.875,25.105,21.55,200,BIHAR,SAHARSA,300.54,25.385714285714283,102.225,141.075
19,PURNEA,22.12,22.355,28.32,31.89,32.29,32.45,31.405,31.6,32.985,28.805,24.72,22.335,170,BIHAR,PURNEA,279.34000000000003,23.32857142857143,103.25,133.18333333333337
20,SARAN,18.735,21.125,27.475,34.265,32.95,32.035,31.335,31.884999999999998,32.57,30.924999999999997,25.575,21.245,180,BIHAR,SARAN,206.54,16.385714285714286,46.65,93.65000000000002
21,PATNA,19.830000000000002,23.65,27.575,34.11,35.635000000000005,33.4,33.08,33.005,32.535,30.415,25.29,20.896538955479453,177,BIHAR,PATNA,199.36,15.3,42.375,89.56666666666666
22,BHAGALPUR,21.73,22.555,28.025,32.49,35.565,32.47,32.72,32.83,31.560000000000002,31.11,24.425,23.23,163,BIHAR,BHAGALPUR,213.16,23.58571428571428,74.17500000000001,100.65833333333336
23,GAYA,19.57,24.009999999999998,26.299999999999997,34.21,34.46,33.685,32.355000000000004,31.69,32.68,29.86,24.185000000000002,21.775,166,BIHAR,GAYA,186.48,15.314285714285717,40.25,83.65833333333335
24,DURG,23.64,24.365431914893616,31.755,34.114999999999995,38.385,33.41,31.34,28.830000000000002,28.42,27.14,25.225,25.165,521,CHATISGARH,DURG,214.9,13.657142857142858,50.4,93.575
25,BASTAR,21.255,24.577325085324233,30.215000000000003,32.630882103477525,34.84,29.0,29.205,26.25,28.215,27.964999999999996,22.939999999999998,22.915,519,CHATISGARH,BASTAR,247.12000000000003,24.25714285714286,73.825,113.55
26,RAIPUR,21.177269247128883,26.515,31.23,33.7,36.82,34.055,29.990000000000002,29.96,29.3,27.75,25.8,24.675,523,CHATISGARH,RAIPUR,219.92,14.44285714285714,52.075,97.05
27,RAIGARH,24.72,27.225,27.875,32.92,34.83,33.425,30.305,29.25360331632653,27.85,29.055,26.227847667950364,26.095,522,CHATISGARH,RAIGARH,238.6,15.442857142857145,55.275000000000006,105.825
28,SURGUJA,19.5,22.369999999999997,25.96,33.25,34.050000000000004,32.34,29.32,28.645,29.735,27.1,22.445,21.085,524,CHATISGARH,SURGUJA,249.16000000000005,17.47142857142857,58.775,110.99166666666667
29,AHMEDABAD,23.39,28.345,28.43883538396266,34.78,36.07687154402382,34.785,31.55,30.924999999999997,30.775,31.725,28.89,23.035,453,GUJARAT,AHMEDABAD,124.34,4.485714285714286,24.525,53.32500000000001
30,AMRELI,22.715,26.79,30.745,35.54,35.665000000000006,34.230000000000004,29.855803988120492,30.15,30.29,29.985,27.049999999999997,23.43,471,GUJARAT,AMRELI,108.72,6.557142857142858,27.4,47.275
31,BANASKANTHA,21.884999999999998,25.74,29.375,36.075,38.67,35.394999999999996,32.3,31.675,32.97,29.77,26.5,21.99,454,GUJARAT,BANASKANTHA,116.04,4.457142857142857,17.6,49.866666666666674
32,BHARUCH,24.235,27.18,30.85,34.47,35.03,35.09,29.92,29.66,32.02,31.295,27.43,26.314999999999998,456,GUJARAT,BHARUCH,161.82,4.828571428571428,35.300000000000004,68.74166666666666
33,BHAVNAGAR,22.785,27.8,28.628835383962663,35.725,35.04,32.76,31.645000000000003,29.589999999999996,30.520000000000003,31.6,25.697847667950363,24.75,472,GUJARAT,BHAVNAGAR,111.98000000000002,5.385714285714286,29.925,48.19166666666667
34,VALSAD,26.5,28.445,31.425,32.81,32.32,31.055,29.68,30.4,30.515,29.16,28.9,24.83,457,GUJARAT,VALSAD,399.86,9.157142857142857,89.325,168.475
35,DANGS,23.849999999999998,25.28,29.155,33.715,35.695,30.284999999999997,29.195,28.18,27.235,27.549999999999997,25.85,25.28,458,GUJARAT,DANGS,405.54,12.685714285714289,68.97500000000001,171.9166666666667
36,JAMNAGAR,21.72726924712888,26.705000000000002,29.94,33.245,32.945,35.47,31.075000000000003,31.685000000000002,31.525,29.5,28.0,24.0,473,GUJARAT,JAMNAGAR,95.84,4.871428571428572,23.4,41.49999999999999
37,JUNAGADH,24.045,25.455,31.395,33.37050485847064,34.115,32.845,31.74,29.63,29.549999999999997,30.005,29.5,25.055,474,GUJARAT,JUNAGADH,162.95999999999998,5.999999999999999,47.95,69.2
38,KHEDA,20.417269247128882,26.529999999999998,28.705,35.61,36.269999999999996,34.114999999999995,32.595,29.78,31.09,30.490000000000002,28.474999999999998,24.075,459,GUJARAT,KHEDA,165.92000000000002,4.857142857142856,29.125,70.84166666666667
39,KUTCH,22.009999999999998,25.665000000000003,28.59,34.955,34.935,35.83,33.595,31.72,31.32,30.755000000000003,27.1,22.085,475,GUJARAT,KUTCH,74.76,3.5285714285714285,12.45,32.4
40,MEHSANA,22.119999999999997,26.53,28.240000000000002,34.285,37.19,35.33,32.93,31.884999999999998,30.605,29.869999999999997,28.155,22.255000000000003,460,GUJARAT,MEHSANA,134.82,4.471428571428572,20.4,57.725
41,RAJKOT,22.509999999999998,26.685000000000002,30.854999999999997,33.675,37.4,33.805,33.004999999999995,30.950000000000003,30.92,29.055,26.27784766795036,22.255,476,GUJARAT,RAJKOT,112.6,5.157142857142857,25.2,48.25833333333333
42,SABARKANTHA,23.405,26.145000000000003,29.57,34.885000000000005,36.935,36.58,32.86,31.995,30.801692307692306,29.22,27.145,23.025000000000002,462,GUJARAT,SABARKANTHA,159.44,4.728571428571429,24.325,68.02499999999999
43,SURAT,24.700000000000003,22.947757000217848,30.765,33.089999999999996,35.16,32.45,32.455,30.141219667943805,29.940000000000005,30.585,28.165,24.041538955479453,463,GUJARAT,SURAT,257.06000000000006,6.528571428571429,57.45,108.72500000000002
44,SURENDRANAGAR,22.50372758326217,26.515,31.435000000000002,34.2,35.411871544023825,35.2,30.84080398812049,30.295,30.69,31.66,28.9,24.615000000000002,477,GUJARAT,SURENDRANAGAR,103.46,4.3,26.2,44.54999999999999
45,GURGAON,15.434999999999999,18.825,25.380000000000003,33.88,33.495,36.495000000000005,32.570803988120495,32.94,31.45,29.245,23.32,17.125,286,HARYANA,GURGAON,97.0,8.257142857142858,16.325,45.333333333333336
46,JIND,15.585,20.805431914893617,22.97,32.29,34.045,33.041780351780346,33.69,33.515,30.115,26.634999999999998,22.455,16.47,288,HARYANA,JIND,86.28,11.22857142857143,18.35,42.425
47,AMBALA,15.965,19.145,22.810000000000002,31.545,33.506871544023824,34.97,32.095803988120494,32.135000000000005,31.11,26.335,21.405,16.955000000000002,285,HARYANA,AMBALA,190.2,23.942857142857143,39.675,92.05833333333334
48,KARNAL,15.669999999999998,18.615000000000002,25.06383538396266,33.510000000000005,35.910000000000004,34.36,33.595,31.325000000000003,30.465,28.225,21.025,16.82,289,HARYANA,KARNAL,120.64,17.75714285714286,25.425,59.53333333333334
49,ROHTAK,16.05,21.535,25.479999999999997,31.730000000000004,35.885000000000005,35.950824105621805,34.44,33.125,33.28,28.214999999999996,22.785,17.34,291,HARYANA,ROHTAK,104.28,12.885714285714286,24.075,51.49999999999999
50,CHAMBA,0.18500000000000005,-0.17500000000000027,2.3600000000000003,13.389999999999999,16.02,25.971780351780346,23.447079796264855,18.0,15.864999999999998,10.595,6.915000000000001,0.32499999999999996,337,HIMACHAL,CHAMBA,291.02,76.75714285714287,89.325,166.425
51,KANGRA,9.415000000000001,11.96,16.36,22.6,26.39,28.04,26.545,26.7,23.125,21.455,20.60123296422487,10.77,338,HIMACHAL,KANGRA,326.04,56.08571428571429,78.875,168.3166666666667
52,KINNAUR,4.6922692471288805,-11.465,-8.344999999999999,1.81,7.119999999999999,10.315000000000001,11.875,21.40860331632653,9.255,3.885,-2.965,-8.355,339,HIMACHAL,KINNAUR,59.92,71.82857142857142,74.45000000000002,69.69999999999999
53,KULLU,8.06872758326217,0.3299999999999996,1.9649999999999999,10.745000000000001,11.165,17.685000000000002,22.96580398812049,16.689999999999998,15.02,9.77,5.319999999999999,-1.27,340,HIMACHAL,KULLU,110.34,70.9,92.29999999999998,90.675
54,LAHUL & SPITI,-17.405,-14.985,-12.725000000000001,-3.3899999999999997,2.245,6.82,9.09,8.69,5.635,-0.8000000000000003,-7.235,-12.435,341,HIMACHAL,LAHUL & SPITI,102.08,99.84285714285714,107.4,104.06666666666666
55,SOLAN,13.92,16.740000000000002,19.655,28.61,28.68,31.700000000000003,29.994999999999997,28.025,27.810000000000002,23.845,19.674999999999997,19.40894804088586,346,HIMACHAL,SOLAN,208.84,45.32857142857142,67.4,113.84999999999998
56,MANDI,12.670000000000002,14.185,17.240000000000002,26.060000000000002,27.13,29.905824105621804,25.72,24.935000000000002,24.93,20.985,17.215,14.165,342,HIMACHAL,MANDI,225.56000000000003,49.885714285714286,88.6,125.57500000000005
57,SHIMLA,14.452269247128882,14.102325085324233,20.648835383962663,18.765,20.759999999999998,28.45678035178035,22.94,22.375,18.965000000000003,16.905,12.525,9.52,344,HIMACHAL,SHIMLA,133.3,48.92857142857143,74.5,86.78333333333332
58,SIRMAUR,14.975000000000001,16.03,20.02,28.31,27.545,29.54,28.775,27.619999999999997,25.525,23.525,19.34,12.745,345,HIMACHAL,SIRMAUR,273.72,37.4,58.9,134.85833333333332
59,DHANBAD,21.225,23.415,28.840000000000003,33.55088210347752,35.3,33.22678035178035,30.955,33.005,30.115000000000002,30.905,23.97,21.451538955479453,140,JHARKHAND,DHANBAD,244.36000000000004,26.185714285714283,72.05000000000001,112.93333333333334
60,RANCHI,19.985,24.4,27.900000000000002,32.83,34.4,31.585,27.46,29.424999999999997,28.244999999999997,27.6,24.375,21.43,144,JHARKHAND,RANCHI,247.78000000000003,27.814285714285717,77.75,116.93333333333334
61,KOLAR,22.74,25.975,30.25,31.93,31.560000000000002,27.0,27.169999999999998,26.365000000000002,27.185000000000002,26.32,24.405,23.41394804088586,616,KARNATAKA,KOLAR,106.18,39.142857142857146,43.975,60.925
62,TUMKUR,25.71,27.39,29.487238135955536,31.545,30.845,28.195,27.130000000000003,25.67,25.545,27.979999999999997,25.255,23.4,620,KARNATAKA,TUMKUR,101.62,36.02857142857143,47.425,58.20833333333334
63,MYSORE,26.840000000000003,27.869999999999997,28.405,31.205,29.865,28.905824105621804,24.77,27.826219667943803,24.895,26.525,26.634999999999998,24.235,618,KARNATAKA,MYSORE,99.2,41.48571428571428,68.6,63.21666666666666
64,MANDYA,26.21,27.305,31.275,29.71,30.035,28.18,27.115000000000002,26.99860331632653,27.605,27.634999999999998,26.172847667950364,24.205,617,KARNATAKA,MANDYA,87.64000000000001,38.92857142857143,51.675,55.225
65,HASSAN,24.32,26.675,28.994999999999997,31.62550485847064,27.615000000000002,25.675,24.85,25.91,25.17,25.645,24.595,22.97394804088586,615,KARNATAKA,HASSAN,146.06,41.51428571428572,73.25,80.59166666666667
66,CHITRADURGA,23.268727583262173,28.174999999999997,33.115,31.880000000000003,31.93,29.655,28.560000000000002,26.59,28.229999999999997,26.979999999999997,25.845,25.955000000000002,613,KARNATAKA,CHITRADURGA,77.47999999999999,27.4,36.400000000000006,43.975
67,BELLARY,25.655,25.197325085324234,31.92,32.10050485847064,31.995,29.1,27.57,27.575,25.685000000000002,29.1,27.839999999999996,25.915,611,KARNATAKA,BELLARY,98.46,26.985714285714288,39.85,51.900000000000006
68,DHARWAD,26.445,27.19,30.565,31.75,30.85,27.935000000000002,27.04,26.67,27.786692307692306,27.805,24.185000000000002,25.98,602,KARNATAKA,DHARWAD,120.88,32.17142857142857,62.45,65.97500000000001
69,BIDAR,25.73,27.884999999999998,30.93,33.060882103477525,35.589999999999996,29.745,29.25,28.375,26.595,28.15,24.990000000000002,25.125,600,KARNATAKA,BIDAR,157.68,23.485714285714288,50.075,74.22500000000001
70,RAICHUR,28.015,28.485,32.015,34.27,33.699999999999996,29.735,30.490000000000002,28.705,29.076692307692305,30.0,27.65,28.5,605,KARNATAKA,RAICHUR,114.42,23.285714285714285,36.0,55.42499999999999
71,ALAPPUZHA,29.445,29.035,31.575000000000003,32.47,31.225,30.36,28.465,30.11,29.25,29.44,28.875,29.744999999999997,626,KERALA,ALAPPUZHA,415.75999999999993,113.8,267.7,236.76666666666668
72,KOTTAYAM,27.945,29.580000000000002,29.655,33.40050485847064,30.225,28.925,28.345,29.615000000000002,30.18,30.310000000000002,24.841232964224872,28.869999999999997,629,KERALA,KOTTAYAM,442.78,107.34285714285714,277.325,244.20833333333331
73,KOZHIKODE,28.78,28.31,30.759999999999998,30.795,34.161499356499355,28.23,26.615000000000002,27.731219667943805,28.130000000000003,28.575000000000003,28.224999999999998,21.28548699636531,630,KERALA,KOZHIKODE,573.04,74.91428571428573,312.1,282.0083333333333
74,MALAPPURAM,26.745,27.095431914893616,31.115,31.564999999999998,29.505000000000003,29.365000000000002,26.115,27.725,29.610042535091452,28.07,29.214999999999996,27.795,631,KERALA,MALAPPURAM,470.16,79.05714285714285,245.425,236.25833333333333
75,PALAKKAD,23.08372758326217,26.535431914893614,28.825000000000003,30.92,31.299999999999997,29.240000000000002,25.935000000000002,26.1,27.605,27.854999999999997,27.75,26.630000000000003,632,KERALA,PALAKKAD,367.3,79.8,186.05,190.83333333333331
76,KOLLAM,27.65,30.015,30.119999999999997,29.7,30.79,28.615000000000002,26.225,27.88,29.415,28.265,28.43,27.189999999999998,633,KERALA,KOLLAM,339.00000000000006,130.12857142857143,231.825,207.64166666666668
77,THRISSUR,24.27872758326217,30.645000000000003,31.385,30.64,30.58,30.07,26.85,29.04,28.035,26.98,30.295,28.515,634,KERALA,THRISSUR,498.7600000000001,82.35714285714286,273.175,255.25833333333333
78,JABALPUR,20.09,24.005000000000003,26.28,33.81,37.74,34.845,29.7,30.725,28.68,27.314999999999998,23.195,22.095,436,MADHYA PRADESH,JABALPUR,224.64000000000004,13.500000000000002,36.825,99.36666666666667
79,BALAGHAT,21.895,24.215,28.505,32.44,36.07,33.775,30.324999999999996,29.791219667943807,28.314999999999998,27.35481063829787,23.955,20.485,433,MADHYA PRADESH,BALAGHAT,278.2,20.04285714285714,53.35,123.4666666666667
80,CHHINDWARA,21.552269247128883,23.41,27.425,31.810000000000002,34.46687154402382,32.96,27.785,28.83,28.705,25.74,22.125,23.48,435,MADHYA PRADESH,CHHINDWARA,185.26,18.571428571428573,45.225,85.13333333333334
81,NARSINGHPUR,20.285,24.78,27.725,34.230000000000004,36.09187154402382,34.47678035178035,29.67,30.695,29.72,27.14,24.716232964224872,21.81,438,MADHYA PRADESH,NARSINGHPUR,219.42,10.471428571428572,31.725,95.53333333333336
82,MANDLA,19.845,24.382325085324233,26.669999999999998,32.315,35.01187154402382,33.595,29.225,27.87,28.645,25.58,21.555,20.455,437,MADHYA PRADESH,MANDLA,257.24,20.528571428571432,49.325,116.41666666666669
83,SAGAR,19.53,23.78,28.57,34.925,37.17,35.37,30.980000000000004,29.16,29.175,27.92,24.6,20.956538955479452,441,MADHYA PRADESH,SAGAR,224.28,13.885714285714286,36.725,99.34999999999998
84,DAMOH,20.560000000000002,24.325000000000003,28.564999999999998,34.465,36.33,36.57,30.925000000000004,30.64360331632653,30.085,26.97,23.5,21.185,450,MADHYA PRADESH,DAMOH,220.72,14.9,35.85,98.38333333333333
85,TIKAMGARH,20.075000000000003,22.625,26.405,35.97,38.185,33.81178035178035,31.564999999999998,30.565,32.03,27.695,25.60123296422487,20.53153895547945,446,MADHYA PRADESH,TIKAMGARH,176.52,11.485714285714284,23.5,78.20833333333333
86,CHHATARPUR,19.115000000000002,22.564999999999998,26.71383538396266,35.76,36.849999999999994,34.636780351780345,31.40580398812049,31.675,31.089999999999996,27.43,23.072847667950363,22.096538955479453,434,MADHYA PRADESH,CHHATARPUR,203.84000000000003,13.014285714285714,27.35,90.11666666666667
87,PANNA,18.675,23.72,27.83,33.8,35.67,36.975,29.51,30.155,30.005000000000003,28.4,23.555,19.325,439,MADHYA PRADESH,PANNA,220.7,13.642857142857142,31.775,97.64166666666668
88,REWA,18.725,23.14,27.155,33.135,36.339999999999996,36.5,31.805,31.645000000000003,31.835,29.815,24.345000000000002,21.310000000000002,440,MADHYA PRADESH,REWA,200.62,13.15714285714286,34.875,89.04166666666664
89,SIDHI,19.015,22.935000000000002,25.814999999999998,34.43,36.175,35.42,30.939999999999998,31.063603316326528,30.770000000000003,27.840000000000003,24.735,20.825,445,MADHYA PRADESH,SIDHI,210.38,14.457142857142856,38.375,93.91666666666669
90,SATNA,19.505,21.29,26.25,33.525,36.93,34.03,31.625,30.4,30.856692307692306,29.175,24.67,21.21153895547945,442,MADHYA PRADESH,SATNA,197.06,14.042857142857144,34.65,88.00833333333333
91,SHAHDOL,20.38,23.585,27.025,33.825,35.455,34.1758241056218,30.595,30.235,30.619999999999997,27.145000000000003,23.825000000000003,19.705000000000002,444,MADHYA PRADESH,SHAHDOL,205.23999999999995,15.357142857142858,37.1,92.49166666666666
92,GWALIOR,17.965,22.800431914893615,26.405,35.165,37.095,35.52,33.235,31.424999999999997,32.29,28.63,23.660000000000004,19.36,410,MADHYA PRADESH,GWALIOR,166.42000000000002,12.44285714285714,22.3,73.825
93,SHIVPURI,18.485,23.925,27.555,33.275,38.879999999999995,35.59,30.497079796264856,28.759999999999998,31.715,27.35,23.295,19.97394804088586,423,MADHYA PRADESH,SHIVPURI,162.32,10.385714285714284,20.825,71.61666666666667
94,GUNA,20.025,24.130000000000003,26.865,32.30050485847064,38.015,36.48,30.255,29.120000000000005,31.525000000000002,27.205,25.12623296422487,20.740000000000002,409,MADHYA PRADESH,GUNA,194.32,10.957142857142856,26.225,85.69166666666668
95,DATIA,18.525,21.545,25.915,35.995,37.464999999999996,38.915,31.637079796264857,30.535000000000004,31.025,28.595,24.26,19.075,406,MADHYA PRADESH,DATIA,163.12,11.114285714285716,19.3,71.68333333333332
96,MORENA,18.35,22.400000000000002,27.34,34.74,36.355000000000004,37.22,33.28,31.909999999999997,31.165,27.937888888888885,23.4,17.43,415,MADHYA PRADESH,MORENA,146.79999999999998,8.9,16.775000000000002,64.75
97,BHIND,17.759999999999998,21.33543191489362,27.205,35.75,35.52,35.755,32.41,32.705,31.895000000000003,28.162888888888887,23.365,19.435000000000002,405,MADHYA PRADESH,BHIND,145.0,10.471428571428572,16.425,63.61666666666665
98,INDORE,21.255,24.155,28.142238135955537,33.48,34.985,33.075,28.400000000000002,27.885,28.24,27.465000000000003,23.735,21.24894804088586,412,MADHYA PRADESH,INDORE,175.59999999999997,9.9,32.925000000000004,76.44166666666666
99,RATLAM,23.419999999999998,25.520000000000003,29.48,33.4,36.129999999999995,34.65,30.175000000000004,29.32,29.745,27.190000000000005,26.83,21.85,420,MADHYA PRADESH,RATLAM,182.48,10.2,28.275,78.98333333333333
100,UJJAIN,20.955,26.095,29.174999999999997,34.010000000000005,35.61,32.855000000000004,27.785,28.736219667943807,28.915,26.505000000000003,26.385,22.425,424,MADHYA PRADESH,UJJAIN,173.74,9.514285714285714,28.225,75.47500000000001
101,MANDSAUR,22.075,26.12,27.685,36.18,36.160000000000004,36.53,29.119999999999997,29.91,28.895000000000003,28.425,24.692847667950364,21.53,414,MADHYA PRADESH,MANDSAUR,163.16,9.499999999999998,23.25,70.84166666666665
102,DEWAS,21.965,24.975,27.113835383962662,36.47,37.18,34.72,31.005000000000003,28.82,29.115000000000002,28.69,25.97,22.810000000000002,407,MADHYA PRADESH,DEWAS,196.84,10.77142857142857,34.800000000000004,85.95
103,DHAR,21.89872758326217,26.375,30.854999999999997,34.565,35.7,33.82,30.805,28.94,29.76,27.794999999999998,26.38123296422487,23.45153895547945,408,MADHYA PRADESH,DHAR,172.32,7.885714285714284,33.175000000000004,73.84166666666665
104,JHABUA,23.285000000000004,26.435000000000002,29.29,35.64,36.0,34.945,29.93580398812049,29.145,29.37,27.385,26.46,22.435,413,MADHYA PRADESH,JHABUA,156.86,8.528571428571428,29.45,67.73333333333333
105,SEHORE,21.395,24.465,30.549999999999997,33.52588210347753,36.06,34.33,29.32,27.33,29.295,26.284999999999997,25.490000000000002,22.27,421,MADHYA PRADESH,SEHORE,220.2,11.157142857142858,34.375,96.05
106,RAISEN,20.96,26.060000000000002,27.68,35.915,38.325,35.535,29.589999999999996,29.04,28.64,28.380000000000003,24.515,22.425,418,MADHYA PRADESH,RAISEN,229.54,11.328571428571433,35.875,100.04166666666669
107,VIDISHA,19.325,24.759999999999998,28.455,36.120000000000005,36.41687154402382,33.96,30.897079796264855,28.744999999999997,28.915,28.634999999999998,24.055,20.92894804088586,404,MADHYA PRADESH,VIDISHA,205.8,10.771428571428572,30.3,90.4
108,BETUL,22.799999999999997,26.549999999999997,28.68,31.39050485847064,34.32,32.71,28.86,28.3,29.225042535091454,27.97981063829787,22.36,21.61,403,MADHYA PRADESH,BETUL,193.58,14.842857142857143,39.65,85.73333333333333
109,RAJGARH,20.68,23.435431914893616,30.134999999999998,34.555,37.545,37.085,29.85,30.560000000000002,30.631692307692308,26.765,24.837847667950363,21.765,419,MADHYA PRADESH,RAJGARH,183.44,10.12857142857143,26.6,80.55833333333334
110,SHAJAPUR,20.92,26.66,27.810000000000002,35.845,35.82,33.425,28.355,28.78,28.28,26.875,26.615000000000002,22.235,422,MADHYA PRADESH,SHAJAPUR,180.62000000000003,9.8,27.0,79.11666666666666
111,HOSHANGABAD,20.895,24.709999999999997,30.24,35.895,38.565,35.165,30.342079796264855,28.895,30.395000000000003,27.965000000000003,23.365000000000002,21.59,411,MADHYA PRADESH,HOSHANGABAD,265.30000000000007,13.57142857142857,40.175,116.0166666666667
112,THANE,26.265,27.125,30.41,33.69050485847064,33.41,30.835,30.620803988120493,30.270000000000003,30.455,30.36,26.982847667950363,27.87,485,MAHARASHTRA,THANE,502.56,14.271428571428572,112.825,211.8416666666667
113,RATNAGIRI,26.03,27.475,29.205,32.35,31.279999999999998,29.450000000000003,29.240000000000002,29.30360331632653,28.259999999999998,30.04,27.34784766795036,28.375,484,MAHARASHTRA,RATNAGIRI,680.92,25.342857142857135,216.3,289.21666666666664
114,DHULE,21.31726924712888,26.990000000000002,29.285,35.364999999999995,36.275,31.93,29.61,28.225,29.619999999999997,29.839999999999996,26.985,25.040000000000003,491,MAHARASHTRA,DHULE,113.4,10.485714285714286,33.15,50.6
115,JALGAON,24.62,28.695,28.97883538396266,35.31,38.235,34.055,30.4,29.905,29.61,27.022888888888886,25.44,24.33,492,MAHARASHTRA,JALGAON,137.58,11.657142857142858,36.325,60.90833333333334
116,AHMEDNAGAR,20.87226924712888,25.095,30.14,34.495000000000005,33.6,30.45,27.48,27.884999999999998,27.645,28.16269952718676,25.395,25.090000000000003,490,MAHARASHTRA,AHMEDNAGAR,102.28,16.285714285714285,33.7,47.76666666666666
117,PUNE,25.005,26.275,29.525,32.340882103477526,32.375,30.681780351780347,28.565,27.935,26.310000000000002,28.28,27.005000000000003,25.814999999999998,495,MAHARASHTRA,PUNE,189.62,18.18571428571428,48.375,84.64166666666667
118,SATARA,25.305,26.330000000000002,29.090000000000003,31.64,31.95,28.950000000000003,27.700000000000003,26.56,25.375,27.87,25.341232964224872,25.71,497,MAHARASHTRA,SATARA,163.88,21.757142857142856,51.05,76.04166666666667
119,SANGLI,22.98872758326217,27.06,30.735,33.635000000000005,33.7,29.119999999999997,27.475,25.604999999999997,27.68,29.0,25.025,24.05894804088586,496,MAHARASHTRA,SANGLI,123.28,24.071428571428573,49.975,60.88333333333333
120,SOLAPUR,25.195,24.540431914893617,31.975,34.065,36.56,29.75,28.915,28.938603316326528,29.57,29.12,26.895,25.904999999999998,498,MAHARASHTRA,SOLAPUR,113.74,20.35714285714285,36.275,53.87500000000001
121,KOLHAPUR,24.825,26.064999999999998,29.259999999999998,30.189999999999998,33.17149935649935,30.096780351780346,25.9,24.365000000000002,26.465,26.705,24.025,24.285,493,MAHARASHTRA,KOLHAPUR,372.52,27.85714285714286,110.55,166.0666666666667
122,PARBHANI,25.580000000000002,28.035,31.255000000000003,34.435,36.605000000000004,31.50678035178035,30.355,28.39360331632653,30.295,28.939999999999998,25.244999999999997,26.849999999999998,504,MAHARASHTRA,PARBHANI,166.32,17.914285714285718,46.1,74.74999999999999
123,BEED,25.855,27.36,31.695,32.895882103477526,34.8,31.97,28.1,28.175000000000004,28.0,28.355,26.28,25.04,501,MAHARASHTRA,BEED,128.14,17.04285714285714,39.7,59.03333333333333
124,NANDED,24.795,29.060000000000002,31.814999999999998,33.450882103477525,37.14,33.055,29.92,30.450000000000003,30.505000000000003,27.515,24.7,22.94153895547945,502,MAHARASHTRA,NANDED,179.26,18.4,47.075,80.09166666666667
125,OSMANABAD,26.87,27.479999999999997,30.075000000000003,32.565,34.974999999999994,29.815,28.825,26.95,27.03,29.8,26.355,26.019999999999996,503,MAHARASHTRA,OSMANABAD,141.73999999999998,18.514285714285712,42.45,64.94166666666666
126,BULDHANA,23.045,28.035000000000004,30.294999999999998,35.615,36.894999999999996,32.405,30.064999999999998,29.49,29.05,29.03,25.525,25.049999999999997,511,MAHARASHTRA,BULDHANA,139.86,13.185714285714283,39.175,62.24166666666667
127,AKOLA,25.99,29.025,29.508835383962662,34.79,38.980000000000004,35.305,30.310000000000002,30.545,29.58,28.727888888888884,26.15,25.44,508,MAHARASHTRA,AKOLA,151.01999999999998,14.77142857142857,41.45,67.94999999999999
128,WARDHA,23.92,28.08,32.39,36.55,38.89,34.885000000000005,31.865000000000002,30.145,30.265,28.445,24.425,25.479999999999997,515,MAHARASHTRA,WARDHA,187.64,18.685714285714287,51.8,85.58333333333333
129,NAGPUR,23.66,28.215000000000003,31.29,34.34588210347752,38.925,34.475,30.43,29.376219667943808,28.825042535091452,27.075,23.775,24.85,513,MAHARASHTRA,NAGPUR,196.16,19.071428571428573,48.65,89.03333333333332
130,BHANDARA,24.154999999999998,26.165,29.89,35.295,38.925,33.875,31.064999999999998,30.28,29.95,27.56,25.619999999999997,24.955000000000002,510,MAHARASHTRA,BHANDARA,239.79999999999995,20.585714285714285,51.825,107.725
131,CHANDRAPUR,24.895,27.275000000000002,30.86,34.27588210347753,39.864999999999995,34.394999999999996,32.115,30.134999999999998,30.465,27.555,25.212847667950363,25.03,512,MAHARASHTRA,CHANDRAPUR,239.38,18.371428571428574,54.4,106.0
132,BALASORE,21.362269247128882,25.585,29.884999999999998,32.89,35.005,33.065,31.169999999999998,33.21,31.905,28.31481063829787,25.13,23.151538955479452,109,ORISSA,BALASORE,273.43999999999994,54.42857142857142,119.4,139.91666666666666
133,BOLANGIR,23.63,25.515431914893618,30.5,34.5,34.911499356499355,34.95,31.034999999999997,31.295,31.229999999999997,29.25,25.16,23.34,110,ORISSA,BOLANGIR,248.72,22.74285714285714,70.2,114.23333333333332
134,CUTTACK,22.845,25.225,31.57,34.14,35.730000000000004,32.7,29.725,30.705,30.424999999999997,28.655,25.08,24.04,112,ORISSA,CUTTACK,257.4,40.41428571428571,93.4,126.64166666666668
135,DHENKANAL,23.65,26.73,30.15,34.3,34.97,33.015,32.09,31.075000000000003,29.490000000000002,29.595,26.46,23.8,113,ORISSA,DHENKANAL,253.98,36.2,91.75,122.41666666666669
136,GANJAM,24.695,26.04,29.870000000000005,32.315,33.57,32.645,29.589999999999996,30.88,30.035,27.805,26.745,25.3,114,ORISSA,GANJAM,206.36,55.114285714285714,78.975,108.70833333333331
137,KALAHANDI,22.96,26.675,28.560000000000002,32.455,36.195,33.84,28.215,29.045,29.814999999999998,27.18,22.805,23.75,115,ORISSA,KALAHANDI,255.98,21.6,80.65,116.91666666666669
138,KORAPUT,21.09,23.665,27.675,30.845,31.965,30.665,26.35,26.56,25.49,25.585,22.665,22.62,117,ORISSA,KORAPUT,282.08000000000004,38.614285714285714,89.92500000000001,135.20833333333334
139,PURI,24.439999999999998,24.85,30.94,30.96,33.370000000000005,31.18,31.87,31.045,30.795,29.175,27.865000000000002,23.595,119,ORISSA,PURI,241.36,47.057142857142864,67.675,118.01666666666668
140,SAMBALPUR,24.485,26.445,28.23,34.54,37.315,33.5258241056218,30.87,31.26,30.405,28.507888888888886,25.96,22.22,120,ORISSA,SAMBALPUR,283.86,20.0,73.675,127.79166666666664
141,SUNDARGARH,22.240000000000002,24.225,29.37,33.240504858470636,35.65187154402382,33.64678035178035,30.02,30.775000000000002,30.755000000000003,27.785,25.045,21.96,121,ORISSA,SUNDARGARH,245.26000000000005,18.9,72.225,112.31666666666666
142,GURDASPUR,14.765,18.945,23.03,30.015,34.489999999999995,33.905,31.895,31.375,30.0,25.22,21.81,16.165,319,PUNJAB,GURDASPUR,173.00000000000003,37.62857142857143,39.475,92.70833333333331
143,AMRITSAR,15.125,17.585,21.880000000000003,30.549999999999997,33.39,34.765,34.01,33.805,31.92,26.855000000000004,22.055,19.396538955479453,316,PUNJAB,AMRITSAR,113.26000000000002,23.857142857142858,29.125,60.14166666666667
144,KAPURTHALA,16.505,19.44,22.89,31.39,34.97,35.315,32.620000000000005,33.185,30.445,27.02,23.15,15.88,322,PUNJAB,KAPURTHALA,90.79999999999998,18.75714285714286,21.625,47.333333333333336
145,JALANDHAR,14.665,18.465,24.0,33.11088210347752,33.955,37.025,33.2,32.739999999999995,32.535,27.065,22.72,16.365000000000002,321,PUNJAB,JALANDHAR,114.68,21.057142857142853,28.275,59.925
146,HOSHIARPUR,16.09,19.595,24.34223813595554,30.505,32.18,34.52,33.33,31.266219667943805,30.42,25.564999999999998,24.19623296422487,16.295,320,PUNJAB,HOSHIARPUR,149.88,27.82857142857143,37.775,77.75833333333333
147,LUDHIANA,16.37,19.58,24.195,31.740000000000002,32.86,34.33,33.19,34.125,31.355,26.57,22.5,15.88,323,PUNJAB,LUDHIANA,111.98000000000002,19.257142857142856,26.6,57.13333333333335
148,SANGRUR,15.54,17.85,24.015,32.685,35.595,33.905,34.394999999999996,31.765,30.380000000000003,27.21,23.13,15.504999999999999,326,PUNJAB,SANGRUR,91.44,14.55714285714286,22.45,46.45
149,PATIALA,18.83872758326217,18.285,22.91,31.155,34.625,35.16,32.115,32.45,31.26,26.505,22.244999999999997,16.005000000000003,324,PUNJAB,PATIALA,127.26000000000002,17.357142857142858,25.1,62.66666666666666
150,AJMER,20.34,23.54,27.980000000000004,35.535,35.715,36.605000000000004,33.635000000000005,31.784999999999997,32.155,28.095,25.655,19.765,380,RAJASTHAN,AJMER,87.86,3.3857142857142857,14.2,38.516666666666666
151,ALWAR,18.125,21.17,25.865000000000002,33.485,34.989999999999995,36.385000000000005,32.84,31.645000000000003,33.42,27.565,23.994999999999997,18.384999999999998,381,RAJASTHAN,ALWAR,115.06000000000002,8.542857142857143,17.775,52.575
152,BANSWARA,21.465,27.34,27.68883538396266,35.885,35.5,33.86,30.814999999999998,31.134999999999998,30.354999999999997,29.8,27.924999999999997,22.47,382,RAJASTHAN,BANSWARA,171.23999999999998,6.571428571428571,26.35,73.58333333333333
153,BARMER,20.544999999999998,23.415,29.009999999999998,35.349999999999994,36.985,36.980000000000004,34.705,32.980000000000004,33.36,31.145,26.799999999999997,20.835,370,RAJASTHAN,BARMER,49.49999999999999,2.3,10.5,22.38333333333333
154,BHARATPUR,18.085,21.045,25.915,34.085,36.095,34.09178035178035,32.835,31.46,32.43,27.544999999999998,23.82,18.825,383,RAJASTHAN,BHARATPUR,115.06000000000002,7.47142857142857,15.175,51.75833333333333
155,BHILWARA,19.33,23.424999999999997,26.174999999999997,34.82,36.09,37.455,31.42,30.159999999999997,32.6,28.775,25.425,20.375,384,RAJASTHAN,BHILWARA,118.52,5.557142857142857,19.325,52.51666666666668
156,BIKANER,17.94,21.23,24.549999999999997,33.62,37.33,37.03,36.290000000000006,34.655,33.04,29.67,26.75123296422487,19.619999999999997,371,RAJASTHAN,BIKANER,46.62,4.428571428571429,13.325,22.83333333333333
157,BUNDI,18.38,23.97,29.07,35.995000000000005,37.94,38.375,32.44,31.186219667943803,31.78,30.44,24.2,20.17394804088586,385,RAJASTHAN,BUNDI,134.52,6.157142857142857,18.6,58.8
158,CHITTORGARH,19.307269247128882,25.490000000000002,26.71,34.425,36.78,35.485,31.39580398812049,29.485,30.825000000000003,29.42,24.94,21.96,386,RAJASTHAN,CHITTORGARH,145.56,6.5,21.9,63.775000000000006
159,CHURU,17.59,20.42,24.555,34.41,35.325,37.57000000000001,34.065,34.305,34.265,28.095,25.485,18.465,372,RAJASTHAN,CHURU,64.72,5.642857142857143,16.325,30.799999999999997
160,DUNGARPUR,21.835,27.385,30.44,35.94,37.32,35.71,32.53,30.340000000000003,30.98,27.322888888888883,27.58,23.9,387,RAJASTHAN,DUNGARPUR,130.51999999999998,5.057142857142857,21.175,56.48333333333333
161,JAIPUR,18.345,21.622325085324235,26.520000000000003,33.26,34.22,34.9108241056218,34.449999999999996,31.18,31.725,28.54,24.47,18.509999999999998,388,RAJASTHAN,JAIPUR,107.28,5.371428571428572,18.35,48.1
162,JAISALMER,17.525,21.8,26.335,36.53,37.775,37.275,37.04,36.475,35.545,30.259999999999998,25.209999999999997,18.31,374,RAJASTHAN,JAISALMER,32.3,2.314285714285714,8.0,15.1
163,JALORE,20.335,22.985431914893617,28.595,33.91050485847064,34.801499356499356,36.765,33.59,32.93,32.865,30.845,27.915,21.84,375,RAJASTHAN,JALORE,80.67999999999998,3.5285714285714285,11.675,35.59166666666666
164,JHALAWAR,19.705,25.775,28.505000000000003,35.675,35.63687154402382,36.695,30.63,29.646219667943804,30.935000000000002,28.269999999999996,24.415,20.045,389,RAJASTHAN,JHALAWAR,176.42000000000002,8.299999999999999,23.975,76.68333333333334
165,JHUNJHUNU,15.760000000000002,20.415,26.447238135955537,32.675,33.59,35.815,33.894999999999996,33.254999999999995,32.150000000000006,28.435,22.855,16.62,390,RAJASTHAN,JHUNJHUNU,84.66,7.185714285714285,21.225,40.08333333333333
166,JODHPUR,18.785,22.075,26.05,35.76,37.34,35.28,35.055,33.545,33.065,29.32981063829787,26.14,20.10894804088586,376,RAJASTHAN,JODHPUR,55.88,3.2142857142857144,11.725,25.675
167,KOTA,18.58,25.205,29.405,36.05,38.089999999999996,37.4,32.89,30.39,32.015,28.64,25.935000000000002,21.26,391,RAJASTHAN,KOTA,154.23999999999998,7.814285714285715,20.6,67.325
168,NAGAUR,17.950000000000003,22.695,26.244999999999997,34.269999999999996,36.89,35.64,33.900000000000006,32.485,32.415,28.57,26.32623296422487,18.505,377,RAJASTHAN,NAGAUR,71.28,4.328571428571428,16.3,32.84166666666666
169,PALI,21.66,24.565,26.515,34.14,37.555,36.565,33.145,31.315,32.185,30.245,27.17,20.565,378,RAJASTHAN,PALI,91.72,4.2142857142857135,14.25,40.475
170,SIKAR,15.475,20.675,25.29,32.97,34.42,35.01,33.3,32.64,31.155042535091454,28.18,22.457847667950364,17.310000000000002,393,RAJASTHAN,SIKAR,82.64,6.028571428571429,19.05,38.65
171,SIROHI,22.585,25.185000000000002,28.919999999999998,34.175,36.00649935649936,33.855,33.02,30.935000000000002,29.836692307692307,30.004810638297876,24.562847667950365,23.18,394,RAJASTHAN,SIROHI,176.3,4.957142857142856,22.05,76.11666666666666
172,TONK,18.145,23.005000000000003,27.485,34.42,36.49,37.815,33.464999999999996,33.155,32.006692307692305,28.97,26.905,19.595,395,RAJASTHAN,TONK,115.98,5.4,17.975,51.15833333333333
173,UDAIPUR,21.89,24.765,27.695,33.85,35.349999999999994,35.37,30.89,29.990000000000002,28.115,28.422888888888885,26.814999999999998,21.425,396,RAJASTHAN,UDAIPUR,121.3,5.742857142857143,22.075,53.30833333333334
174,SALEM,28.11,29.725,30.96,31.67,32.625,30.635,31.38,31.11,29.675,29.77,27.865000000000002,24.685,568,TAMIL NADU,SALEM,126.3,65.21428571428571,58.975,83.15833333333332
175,COIMBATORE,25.775000000000002,27.91,29.68,28.92,29.080000000000002,29.78,27.045,26.56,27.685000000000002,26.275,26.065,25.695,561,TAMIL NADU,COIMBATORE,68.34,59.97142857142857,45.8,57.44166666666667
176,THANJAVUR,26.93,23.937325085324236,32.239999999999995,32.525,33.370000000000005,33.59,33.58,30.47,32.625,31.127888888888886,29.895000000000003,27.495,569,TAMIL NADU,THANJAVUR,100.44,91.48571428571428,35.474999999999994,84.425
177,MADURAI,26.655,30.4,31.975,31.115882103477524,34.25,33.045,33.76,32.405,31.125,28.975,28.25,27.85,565,TAMIL NADU,MADURAI,108.42,75.08571428571429,48.375,77.325
178,KANYAKUMARI,28.41,29.134999999999998,30.310000000000002,29.745,30.970000000000002,28.405,29.86,28.915,29.055,28.015,25.25623296422487,28.06,563,TAMIL NADU,KANYAKUMARI,140.74,97.65714285714284,118.6,108.54166666666669
179,HYDERABAD,25.485,29.045,31.9,33.735,35.739999999999995,31.560000000000002,28.415,29.25,28.7,28.089999999999996,26.115000000000002,25.195,547,ANDHRA PRADESH,HYDERABAD,147.82,24.857142857142858,44.875,70.94166666666668
180,NIZAMABAD,25.85,28.064999999999998,31.83,34.644999999999996,38.885000000000005,32.06178035178035,30.39,29.215000000000003,28.130000000000003,27.5,24.812847667950365,22.78153895547945,553,ANDHRA PRADESH,NIZAMABAD,202.28,21.042857142857148,51.725,90.99166666666666
181,MEDAK,24.72,26.285000000000004,31.634999999999998,33.614999999999995,36.44,30.945,29.78,29.66,27.47,27.910000000000004,24.945,25.165,551,ANDHRA PRADESH,MEDAK,166.10000000000002,21.485714285714288,48.625,76.85833333333332
182,MAHABUBNAGAR,25.865000000000002,29.765,32.82,33.835,36.480000000000004,30.810000000000002,29.97,28.125,27.75,28.845,25.755000000000003,25.825000000000003,550,ANDHRA PRADESH,MAHABUBNAGAR,129.02,19.61428571428572,36.85,60.925
183,NALGONDA,26.6,29.0,32.730000000000004,34.575,37.72,32.465,30.312079796264857,29.86,28.495000000000005,29.18,26.465000000000003,23.221538955479453,552,ANDHRA PRADESH,NALGONDA,132.09999999999997,25.3,39.05,63.37499999999999
184,WARANGAL,22.94372758326217,28.835,31.82,33.370000000000005,36.13687154402382,34.085,30.745000000000005,29.675000000000004,30.00504253509145,28.910000000000004,24.52,26.515,554,ANDHRA PRADESH,WARANGAL,177.09999999999997,23.08571428571429,50.7,82.24166666666666
185,KHAMMAM,26.065,27.744999999999997,30.725,34.56,37.55,32.705,32.510000000000005,28.9,31.57,30.15,25.03,26.055,549,ANDHRA PRADESH,KHAMMAM,193.46,25.985714285714288,59.325,91.24166666666667
186,KARIMNAGAR,24.99,25.035431914893614,31.705,33.715,38.18,33.315,30.785,29.615000000000002,29.185000000000002,28.017888888888884,25.515,25.259999999999998,548,ANDHRA PRADESH,KARIMNAGAR,177.24,22.214285714285715,50.925,81.64999999999999
187,ADILABAD,24.11,26.3,33.26,35.37,39.28,33.81,30.61,30.430000000000003,28.79169230769231,27.674999999999997,25.0,24.265,546,ANDHRA PRADESH,ADILABAD,208.38,20.414285714285715,54.975,93.33333333333331
188,SAHARANPUR,16.985,18.845,22.215,32.09,34.76187154402382,35.489999999999995,32.22,32.17,28.96,27.34,20.965,16.695,261,UTTAR PRADESH,SAHARANPUR,167.82,19.728571428571428,35.7,80.32499999999999
189,MUZAFFARNAGAR,16.935,19.18,23.31,31.994999999999997,34.51,35.14,31.737079796264858,31.72,30.549999999999997,26.35,23.46,16.19,258,UTTAR PRADESH,MUZAFFARNAGAR,154.26,16.857142857142858,24.825000000000003,72.425
190,MEERUT,16.66,19.405,25.145000000000003,33.695,33.269999999999996,36.18,32.385,31.419999999999998,32.480000000000004,29.225,22.79,17.005,256,UTTAR PRADESH,MEERUT,164.02,17.871428571428574,25.45,76.5
191,ALIGARH,17.787269247128883,20.605,26.450000000000003,34.14,36.1,36.724999999999994,34.65,31.589999999999996,33.275,27.172888888888885,23.377847667950363,18.255,243,UTTAR PRADESH,ALIGARH,138.94,13.842857142857143,20.2,64.25000000000001
192,MATHURA,18.564999999999998,20.79,24.565,32.28550485847064,35.075,37.41,33.305,32.6,33.4,29.615000000000002,23.24,18.78,255,UTTAR PRADESH,MATHURA,120.7,9.5,16.2,54.65833333333333
193,AGRA,18.9,21.71,26.150000000000002,34.085,36.75,37.254999999999995,33.745000000000005,31.825,32.394999999999996,30.195,24.355,19.615,242,UTTAR PRADESH,AGRA,143.06,11.157142857142858,19.0,64.55
194,MAINPURI,19.24,21.215,25.165,35.8,35.78,34.61178035178035,34.64,32.519999999999996,32.535,29.82,24.865,18.92,254,UTTAR PRADESH,MAINPURI,139.08,11.885714285714286,20.775,62.366666666666674
195,ETAH,18.56,20.95,24.265,34.06,34.99,35.7458241056218,33.195,32.089999999999996,32.525,28.77,23.73,17.64,248,UTTAR PRADESH,ETAH,131.38,12.5,19.5,59.53333333333333
196,BAREILLY,18.605,20.825,25.805,33.36,34.870000000000005,34.62,32.195,33.49,32.235,30.265,22.240000000000002,19.903948040885858,244,UTTAR PRADESH,BAREILLY,182.34,17.728571428571428,33.375,83.04999999999998
197,MORADABAD,17.78,20.575,24.98,33.915,34.505,35.115,32.57,31.39,30.456692307692308,26.744999999999997,23.225,18.715,257,UTTAR PRADESH,MORADABAD,180.58,17.414285714285715,31.125,82.74166666666666
198,SHAHJAHANPUR,17.419999999999998,20.165,26.59,34.065,34.63,34.775,31.43207979626486,33.019999999999996,32.955,30.105,25.095,18.24,262,UTTAR PRADESH,SHAHJAHANPUR,185.54,18.77142857142857,33.55,84.23333333333333
199,PILIBHIT,17.77,20.71,25.175,31.5,33.39,35.915,32.795,31.755,32.515,29.814999999999998,23.68,19.29,259,UTTAR PRADESH,PILIBHIT,212.44,20.542857142857148,38.95,96.28333333333336
200,RAMPUR,19.30372758326217,19.134999999999998,27.601073519918202,33.815,34.269999999999996,35.38,31.64580398812049,33.31,31.91,28.79981063829787,23.439999999999998,17.36,260,UTTAR PRADESH,RAMPUR,189.9,17.12857142857143,38.95,88.13333333333333
201,BIJNOR,16.355,18.22,24.005,31.65550485847064,34.5,35.935,30.82,31.089999999999996,29.42,26.575,23.035,18.28,245,UTTAR PRADESH,BIJNOR,190.84,21.4,35.85,90.25833333333334
202,FARRUKHABAD,19.88,22.822325085324234,25.630000000000003,33.44,34.77149935649936,36.760000000000005,32.31,32.045,33.07,29.29,24.265,18.435,210,UTTAR PRADESH,FARRUKHABAD,159.1,13.87142857142857,24.825,71.10833333333333
203,ETAWAH,18.275,21.95,26.5,33.215,36.59,36.345,33.515,31.310000000000002,31.409999999999997,28.805,22.964999999999996,18.515,249,UTTAR PRADESH,ETAWAH,154.6,13.014285714285716,20.775,69.13333333333333
204,FATEHPUR,18.29,22.299999999999997,26.977238135955538,33.82,35.55,36.74,32.93,30.6,31.405,27.75,23.945,21.21,211,UTTAR PRADESH,FATEHPUR,170.38,13.442857142857145,25.675,76.26666666666667
205,ALLAHABAD,18.78,21.71,26.595000000000002,33.51,36.295,35.9,32.86,30.865,32.835,30.735,26.415,20.515,201,UTTAR PRADESH,ALLAHABAD,168.66000000000005,12.47142857142857,24.975,75.21666666666667
206,JHANSI,18.48,22.485,26.835,34.555,37.415,36.879999999999995,31.915,29.77360331632653,30.85,28.165,24.856232964224873,19.544999999999998,252,UTTAR PRADESH,JHANSI,175.02000000000004,12.12857142857143,24.425,77.62500000000001
207,JALAUN,19.055,21.87,25.96,34.975,36.465,37.14,31.89,30.835,33.365,28.595,24.285,18.335,251,UTTAR PRADESH,JALAUN,164.42000000000002,12.642857142857142,20.375,72.625
208,BANDA,20.009999999999998,20.725,26.2,34.230000000000004,37.22,38.370000000000005,32.375,31.96,31.854999999999997,29.75,24.61,19.07,205,UTTAR PRADESH,BANDA,175.36,12.957142857142856,28.75,78.59999999999998
209,VARANASI,19.58372758326217,22.015,27.755,33.795,35.085,33.71,32.435,33.300000000000004,32.515,31.45,25.785,20.44,226,UTTAR PRADESH,VARANASI,192.2,14.614285714285714,29.975,86.46666666666665
210,JAUNPUR,19.785,21.575,28.380000000000003,35.445,35.34,35.474999999999994,30.77080398812049,33.665,31.17504253509145,30.229999999999997,25.410000000000004,21.71,216,UTTAR PRADESH,JAUNPUR,181.24,11.742857142857144,28.625,80.675
211,GHAZIPUR,19.84,21.78,26.635,34.3,35.74687154402382,34.575,31.61580398812049,32.67,32.855,30.480000000000004,26.91,21.105,212,UTTAR PRADESH,GHAZIPUR,186.44,14.12857142857143,31.35,82.98333333333333
212,BALLIA,18.595,21.884999999999998,27.27,33.785,34.525,34.24,31.585,32.53,32.74,30.439999999999998,25.259999999999998,20.634999999999998,204,UTTAR PRADESH,BALLIA,173.76000000000002,11.542857142857144,35.775000000000006,77.35000000000001
213,GORAKHPUR,19.885,21.165,25.665,32.38,34.035,33.135,32.405,32.74,31.915,30.174999999999997,24.884999999999998,21.23,214,UTTAR PRADESH,GORAKHPUR,248.92,19.371428571428574,54.125,111.52500000000002
214,DEORIA,20.69372758326217,21.37,27.902238135955535,32.019999999999996,33.075,34.224999999999994,31.82580398812049,31.330000000000002,31.97,30.885,25.96,20.46,208,UTTAR PRADESH,DEORIA,200.8,16.014285714285716,43.8,90.58333333333331
215,BASTI,19.46,20.02,26.77,33.815,32.355000000000004,33.68,31.21,30.784999999999997,32.935,29.424999999999997,24.560000000000002,20.77,207,UTTAR PRADESH,BASTI,198.02,14.05714285714286,41.625,88.55833333333334
216,AZAMGARH,18.7,22.340431914893617,27.265,34.16,36.3,34.115,32.42,32.035,32.225,30.84,26.21,19.91,202,UTTAR PRADESH,AZAMGARH,198.84,12.87142857142857,31.450000000000003,88.19166666666668
217,LUCKNOW,18.825,21.78,26.32,32.13050485847064,36.19,33.88,34.235,33.41,32.3,28.43,23.79,19.88,219,UTTAR PRADESH,LUCKNOW,164.07999999999998,14.37142857142857,27.375,73.77499999999999
218,UNNAO,19.745,22.855,26.450000000000003,34.735,34.76649935649936,35.894999999999996,33.364999999999995,31.36,30.396692307692305,28.759999999999998,24.76,20.33,225,UTTAR PRADESH,UNNAO,169.28,15.200000000000005,26.05,75.6
219,SITAPUR,18.830000000000002,21.525,25.945,33.760000000000005,34.36,32.94,33.894999999999996,31.869999999999997,32.18,29.9,24.65,20.27,223,UTTAR PRADESH,SITAPUR,184.98,17.15714285714286,37.3,83.60833333333335
220,HARDOI,20.125,20.080000000000002,24.99,33.53,34.285,34.105000000000004,32.82,32.465,31.295,29.755,23.17,18.15,215,UTTAR PRADESH,HARDOI,169.1,16.2,29.875,76.51666666666667
221,FAIZABAD,19.305,19.705,26.869999999999997,33.18,33.82,33.855,31.490000000000002,33.41,31.72,29.195,25.97,18.185000000000002,209,UTTAR PRADESH,FAIZABAD,208.14,15.071428571428571,38.375,92.83333333333336
222,GONDA,18.82,20.95,26.029999999999998,32.045,35.035000000000004,35.25,33.97,31.85,31.11,28.655,24.794999999999998,19.53,213,UTTAR PRADESH,GONDA,217.26,15.8,45.475,96.67499999999995
223,BAHRAICH,19.827269247128882,21.18,27.1,32.53,34.17,33.870000000000005,32.05080398812049,33.33,32.16,30.595,24.68,20.25,203,UTTAR PRADESH,BAHRAICH,209.0,17.414285714285715,52.2,95.71666666666668
224,SULTANPUR,20.11872758326217,21.994999999999997,27.235,31.93,35.955,35.32,31.145000000000003,30.965000000000003,33.255,28.484810638297873,24.835,20.475,224,UTTAR PRADESH,SULTANPUR,177.22,12.414285714285716,27.6,78.70833333333333
225,PRATAPGARH,20.645,24.095,28.869999999999997,33.965,36.675,35.144999999999996,30.955,31.365,30.965,29.25981063829787,24.525,22.080000000000002,221,UTTAR PRADESH,PRATAPGARH,177.22,11.828571428571427,25.25,78.63333333333334
226,BARABANKI,19.335,22.08,25.689999999999998,32.22,34.3,34.13,31.540803988120494,30.89,30.77,29.49,23.84,20.528948040885858,206,UTTAR PRADESH,BARABANKI,196.16,15.299999999999995,35.95,87.95
227,NAINITAL,15.71,17.38,25.093835383962663,28.119999999999997,31.155,29.669999999999998,28.659999999999997,27.25,28.919999999999998,24.17,20.91,15.995000000000001,276,UTTARANCHAL,NAINITAL,304.26,35.74285714285715,79.5,145.30833333333334
228,CHAMOLI,-2.9199999999999995,-2.6799999999999997,0.9850000000000003,7.555,11.85,14.735,15.645,14.530000000000001,21.66669230769231,8.725,4.5200000000000005,-1.5250000000000001,273,UTTARANCHAL,CHAMOLI,180.56,48.32857142857142,75.72500000000001,105.58333333333331
229,DEHRADUN,15.165,17.56,19.330000000000002,26.515,28.52,30.48,28.740000000000002,27.634999999999998,26.665,23.09,20.265,14.629999999999999,274,UTTARANCHAL,DEHRADUN,372.94,38.71428571428572,77.5,176.99166666666667
230,NADIA,22.689999999999998,25.659999999999997,27.869999999999997,33.35,33.94,34.44,32.620000000000005,31.82,33.004999999999995,29.872888888888887,25.045,21.635,103,WEST BENGAL,NADIA,211.04,30.2,98.125,105.13333333333333
231,MURSHIDABAD,20.98,24.055,28.095,32.68,34.455,31.795,31.735,32.335,30.975,29.845,26.645,22.96,102,WEST BENGAL,MURSHIDABAD,241.12,32.114285714285714,94.4,115.925
232,BURDWAN,21.175,25.205,28.785,33.32,33.39187154402382,32.755,29.974999999999998,31.64,32.705,30.162888888888887,26.195,22.215,98,WEST BENGAL,BURDWAN,225.7,29.67142857142857,83.64999999999999,109.6
233,BIRBHUM,22.065,25.305,28.465,34.305,35.785,34.68,32.595,32.129999999999995,31.189999999999998,30.450000000000003,27.564999999999998,22.189999999999998,97,WEST BENGAL,BIRBHUM,242.22,29.728571428571424,88.275,116.06666666666663
234,BANKURA,21.740000000000002,25.155,28.793835383962662,33.394999999999996,34.26,34.199999999999996,31.229999999999997,31.345,31.445,29.645000000000003,27.439999999999998,23.175,96,WEST BENGAL,BANKURA,231.28000000000003,30.4,85.05,110.90833333333332
235,HOOGHLY,21.15,25.875,27.770000000000003,33.435,33.735,32.5,31.835,32.620000000000005,31.195,30.480000000000004,26.509999999999998,21.94,99,WEST BENGAL,HOOGHLY,234.0,34.614285714285714,107.675,118.225
236,HOWRAH,22.575000000000003,25.22,28.93,33.32,33.35,33.225,32.275000000000006,33.035,31.715000000000003,30.29,26.795,24.240000000000002,100,WEST BENGAL,HOWRAH,262.1,37.457142857142856,111.05,133.33333333333331
237,JALPAIGURI,21.049999999999997,22.345,27.669999999999998,29.479999999999997,32.620000000000005,32.230000000000004,30.255,33.489999999999995,30.98,28.58,23.72,22.509999999999998,88,WEST BENGAL,JALPAIGURI,583.5600000000001,53.01428571428572,291.4,289.02500000000003
238,DARJEELING,17.47,18.095,22.365000000000002,27.560000000000002,27.905,28.79,28.924999999999997,27.369999999999997,26.435000000000002,27.619999999999997,21.645,19.869999999999997,87,WEST BENGAL,DARJEELING,511.84,59.41428571428572,246.3,259.87500000000006
239,MALDA,20.935000000000002,21.485,27.544999999999998,33.225,33.269999999999996,31.75,30.615000000000002,31.265,33.129999999999995,30.490000000000002,25.955,22.07153895547945,89,WEST BENGAL,MALDA,243.96,27.985714285714284,93.025,118.28333333333336
240,COOCH BEHAR,21.075,23.83543191489362,28.169999999999998,29.404999999999998,30.75,31.1508241056218,31.29,33.13,30.884999999999998,29.705,24.84,21.796538955479452,86,WEST BENGAL,COOCH BEHAR,575.78,51.52857142857143,296.325,286.975
241,PURULIA,23.39,25.39,30.05,35.675,34.655,33.295,30.815,29.854999999999997,30.975,30.175,26.475,22.35,101,WEST BENGAL,PURULIA,237.2,30.21428571428571,85.025,113.60833333333332
